section,name,key,value
state,,day,20
state,,food,102
state,,weather,mild
state,,alert_level,0
state,,host_name,Nolans-TechSupp
state,,host_platform,Windows-11-10.0.26200-SP0
state,,run_id,a2026eb0-b226-46d6-830b-be7b34c5b8d9
state,,meta,"{""kind"": ""ecosim"", ""version"": 3}"
state,,primary_scene,ecosystem_lab
state,,peptide_seq,MKWVTFISLLFLFSSAYS
metric,,ecosystem_energy,224
metric,,pressure,15
metric,,grazer_events,48
metric,,all_events,104
metric,,meta_key_count,2
metric,,asset_load_count,2
metric,,scene_node_total,2
metric,,food_progress,85.0
metric,,web_tool_files,16
metric,,http_history_ops,0
metric,,http_auth_presets,1
metric,,fusion_q_demo,0.00215
metric,,fusion_q_mz,0.00194
metric,,fusion_mz_zones,4
metric,,protein_rg_demo,1.93808
metric,,protein_rg_3d,1.371
metric,,protein_hydro_ratio,0.6666666666666666
channel,,alerts,15
agent_summary,grazer,count,8
agent_summary,grazer,avg_age,20.0
agent_summary,grazer,min_age,20
agent_summary,grazer,max_age,20
agent_summary,grazer,avg_energy,24.25
agent_summary,grazer,min_energy,20
agent_summary,grazer,max_energy,28
agent_summary,grazer,avg_hunger,2.0
agent_summary,grazer,min_hunger,2
agent_summary,grazer,max_hunger,2
agent_summary,grazer,avg_id,3.5
agent_summary,grazer,min_id,0
agent_summary,grazer,max_id,7
agent_summary,grazer,avg_tick,20.0
agent_summary,grazer,min_tick,20
agent_summary,grazer,max_tick,20
agent_summary,scout,count,2
agent_summary,scout,avg_energy,15.0
agent_summary,scout,min_energy,15
agent_summary,scout,max_energy,15
agent_summary,scout,avg_id,0.5
agent_summary,scout,min_id,0
agent_summary,scout,max_id,1
agent_summary,scout,avg_scans,20.0
agent_summary,scout,min_scans,20
agent_summary,scout,max_scans,20
agent_summary,scout,avg_tick,20.0
agent_summary,scout,min_tick,20
agent_summary,scout,max_tick,20
training_run,0,backend,pytorch
training_run,0,model,brain
training_run,0,dataset,synthetic_env
training_run,0,epochs,3
training_run,0,lr,0.003
training_run,0,batch_size,64
training_run,0,loss_history,"[0.925861, 0.390662, 0.159033]"
training_run,0,final_loss,0.159033
training_run,0,duration_ms,415.57
training_run,0,tick_at_start,20
